id,first_name,last_name,email,gender,ip_address
1,Batsheva,Ashmore,bashmore0@wix.com,Female,113.232.221.88
2,Ashby,Clac,aclac1@themeforest.net,Genderfluid,171.156.123.232
3,Judi,Brosnan,jbrosnan2@github.com,Female,167.128.174.31
4,Jakie,McArdle,jmcardle3@homestead.com,Male,157.116.144.166
5,Sig,McCathay,smccathay4@ted.com,Male,196.184.114.164
6,Hatti,Kainz,hkainz5@squarespace.com,Female,27.172.239.132
7,Marla,Hardinge,mhardinge6@1und1.de,Female,230.247.120.1
8,Gilberto,Bartalot,gbartalot7@bing.com,Male,78.207.122.9
9,Witty,Bacchus,wbacchus8@sun.com,Male,5.153.104.86
10,Kynthia,Donisi,kdonisi9@nasa.gov,Female,194.224.99.94
11,Charleen,Nelligan,cnelligana@alexa.com,Female,84.199.76.12
12,Darby,Clive,dcliveb@deviantart.com,Male,201.106.92.92
13,Lynn,Strete,lstretec@drupal.org,Female,67.26.83.46
14,Roth,Lernihan,rlernihand@hatena.ne.jp,Male,175.43.234.147
15,Austin,Barsby,abarsbye@multiply.com,Male,86.125.208.61
16,Kellsie,Kellington,kkellingtonf@pcworld.com,Female,199.163.31.25
17,Bert,Ubsdell,bubsdellg@quantcast.com,Female,55.129.233.233
18,Vilma,MacCawley,vmaccawleyh@aboutads.info,Female,248.207.147.91
19,Scot,Jacob,sjacobi@privacy.gov.au,Male,127.237.2.198
20,Dag,Farraway,dfarrawayj@printfriendly.com,Male,97.169.222.251
21,Sheree,Jorin,sjorink@is.gd,Female,234.74.109.235
22,Theressa,Menary,tmenaryl@usgs.gov,Female,223.95.209.85
23,Gwendolin,Piddocke,gpiddockem@weather.com,Female,122.68.214.114
24,Baily,Genthner,bgenthnern@jiathis.com,Male,7.209.115.242
25,Red,Bunson,rbunsono@surveymonkey.com,Male,81.64.234.44
26,Foss,Coverdale,fcoverdalep@uiuc.edu,Male,11.117.63.28
27,Leroi,Clinnick,lclinnickq@scribd.com,Male,113.230.136.213
28,Evin,Antoniewski,eantoniewskir@buzzfeed.com,Male,55.215.239.248
29,Cristen,Ragborne,cragbornes@hostgator.com,Female,73.174.124.219
30,Carmita,Gorch,cgorcht@myspace.com,Female,141.211.178.136
31,Stanton,Ghidoli,sghidoliu@wikispaces.com,Polygender,37.4.205.168
32,Sherie,Askham,saskhamv@hc360.com,Agender,18.75.133.171
33,Clarine,Clow,ccloww@businessinsider.com,Polygender,198.206.66.131
34,Kermie,Newland,knewlandx@cornell.edu,Male,238.247.70.219
35,Niccolo,Grimmett,ngrimmetty@nifty.com,Male,251.215.60.115
36,Michelle,Mitkcov,mmitkcovz@gmpg.org,Female,255.218.239.200
37,Marjie,Gave,mgave10@dion.ne.jp,Genderfluid,186.145.122.96
38,Sharla,Golson,sgolson11@1und1.de,Female,80.116.67.145
39,Ginevra,Cattach,gcattach12@cocolog-nifty.com,Female,16.208.221.86
40,Judy,Arens,jarens13@google.com.au,Female,155.218.76.141
41,Alverta,Winspurr,awinspurr14@trellian.com,Female,91.62.244.132
42,Vincents,Oris,voris15@gmpg.org,Male,15.71.90.198
43,Graham,Salsbury,gsalsbury16@acquirethisname.com,Male,110.216.249.148
44,Vikki,Tarren,vtarren17@wikispaces.com,Female,247.133.126.149
45,Callie,Karolyi,ckarolyi18@webnode.com,Female,200.174.25.41
46,Solomon,Solman,ssolman19@apple.com,Male,58.246.72.41
47,Jo-anne,Bower,jbower1a@mayoclinic.com,Female,188.102.20.174
48,Kattie,Nisby,knisby1b@topsy.com,Female,161.51.74.244
49,Cesaro,Searjeant,csearjeant1c@delicious.com,Male,38.209.144.202
50,Moss,Lening,mlening1d@loc.gov,Male,148.78.213.21
51,Farrand,Wattingham,fwattingham1e@state.tx.us,Female,117.27.34.137
52,Paige,Seagar,pseagar1f@hp.com,Male,137.116.83.0
53,Sunny,Majury,smajury1g@baidu.com,Polygender,172.76.6.168
54,Heriberto,Hurdidge,hhurdidge1h@sun.com,Male,212.107.15.125
55,Dalia,Dockree,ddockree1i@google.it,Female,220.168.85.199
56,Emmi,Jocelyn,ejocelyn1j@google.cn,Female,199.34.168.203
57,Ardella,Jansson,ajansson1k@shutterfly.com,Bigender,14.118.196.41
58,Konrad,Downey,kdowney1l@blog.com,Male,85.251.135.184
59,Selby,Brownbill,sbrownbill1m@sourceforge.net,Male,117.199.56.75
60,Engracia,O'Gorman,eogorman1n@howstuffworks.com,Female,76.20.146.199
61,Kenna,Vevers,kvevers1o@yahoo.com,Female,35.150.14.201
62,Glenden,Lundberg,glundberg1p@hexun.com,Male,31.18.33.246
63,Lacy,Trunby,ltrunby1q@washingtonpost.com,Female,208.253.117.55
64,Marybeth,Karpmann,mkarpmann1r@seattletimes.com,Non-binary,84.193.113.252
65,Maxie,Ellett,mellett1s@chronoengine.com,Female,128.49.83.129
66,Mariquilla,Delea,mdelea1t@nsw.gov.au,Female,232.81.198.60
67,Hakeem,Haskell,hhaskell1u@discuz.net,Male,53.135.237.192
68,Ainslie,Moffet,amoffet1v@vimeo.com,Female,154.183.176.125
69,Wade,Klausewitz,wklausewitz1w@guardian.co.uk,Male,217.171.68.219
70,Barnaby,Penticost,bpenticost1x@t.co,Male,46.124.185.191
71,Osmond,Fronsek,ofronsek1y@state.gov,Male,31.80.23.22
72,Aldrich,Mifflin,amifflin1z@myspace.com,Male,212.220.169.49
73,Emmett,Clampe,eclampe20@webmd.com,Genderqueer,67.205.189.39
74,Gizela,Sarfati,gsarfati21@chronoengine.com,Bigender,21.219.118.37
75,Monty,Garron,mgarron22@cocolog-nifty.com,Male,2.173.231.139
76,Brooks,Southcombe,bsouthcombe23@ocn.ne.jp,Male,167.227.165.2
77,Chip,Tybalt,ctybalt24@usnews.com,Male,233.49.215.144
78,Bary,Bodicam,bbodicam25@stumbleupon.com,Male,12.180.71.199
79,Shayla,Kellet,skellet26@newsvine.com,Female,147.213.71.17
80,Wilmer,Baxandall,wbaxandall27@networkadvertising.org,Male,235.184.129.4
81,Adel,Eacle,aeacle28@earthlink.net,Female,182.9.156.126
82,Franky,Cobon,fcobon29@pagesperso-orange.fr,Male,123.12.20.22
83,Marys,Jaszczak,mjaszczak2a@dropbox.com,Female,77.74.211.123
84,Anthia,Joyes,ajoyes2b@foxnews.com,Female,191.176.125.55
85,Kacey,Klasen,kklasen2c@google.co.uk,Female,145.243.218.102
86,Tersina,Surby,tsurby2d@springer.com,Female,146.91.29.49
87,Estelle,Anthonsen,eanthonsen2e@dagondesign.com,Female,231.118.200.81
88,Gothart,Coulthard,gcoulthard2f@merriam-webster.com,Male,83.249.110.189
89,Warren,Muldownie,wmuldownie2g@weather.com,Male,99.33.105.189
90,Etan,Hembling,ehembling2h@va.gov,Male,125.113.118.54
91,Josias,Bushill,jbushill2i@scribd.com,Male,62.35.78.47
92,Joyce,Wych,jwych2j@g.co,Female,170.62.72.50
93,Gib,Synke,gsynke2k@redcross.org,Male,167.189.4.245
94,Blinni,Cornelisse,bcornelisse2l@discovery.com,Female,88.242.202.170
95,Audrey,Cuthill,acuthill2m@elpais.com,Female,50.164.232.34
96,Burnaby,Headington,bheadington2n@ifeng.com,Male,3.159.158.224
97,Ernaline,Grelka,egrelka2o@ucsd.edu,Female,10.4.187.25
98,Gris,MacKartan,gmackartan2p@bloglovin.com,Bigender,112.34.18.255
99,Desi,Wimmer,dwimmer2q@msn.com,Male,230.30.16.194
100,Ericka,Teacy,eteacy2r@hud.gov,Female,236.66.130.4
101,Owen,Mellor,omellor2s@weather.com,Male,227.240.103.93
102,Amandi,Bandey,abandey2t@youku.com,Agender,215.156.4.243
103,Kiel,Markushkin,kmarkushkin2u@bigcartel.com,Male,86.54.229.159
104,Jesse,Happert,jhappert2v@feedburner.com,Female,233.168.60.218
105,Lemmie,Driuzzi,ldriuzzi2w@reverbnation.com,Male,197.205.196.153
106,Mira,Fihelly,mfihelly2x@gmpg.org,Female,128.235.193.142
107,Grover,Castel,gcastel2y@apple.com,Male,71.10.130.105
108,Harley,Moncrieffe,hmoncrieffe2z@meetup.com,Female,70.110.4.222
109,Delano,Broad,dbroad30@g.co,Male,245.44.68.109
110,Cyrus,Haggath,chaggath31@marketwatch.com,Male,126.99.86.79
111,Amabelle,King,aking32@gravatar.com,Female,19.102.94.198
112,Annamaria,Stannus,astannus33@icq.com,Female,158.188.115.96
113,Brendin,Groarty,bgroarty34@weebly.com,Male,66.243.84.188
114,Chrissy,Sextie,csextie35@hugedomains.com,Female,145.210.229.137
115,Richard,Karczinski,rkarczinski36@moonfruit.com,Male,19.151.93.137
116,Halsy,Halsworth,hhalsworth37@surveymonkey.com,Male,102.221.228.14
117,Silvio,Redsall,sredsall38@flavors.me,Male,119.222.129.41
118,Hermy,Swallow,hswallow39@howstuffworks.com,Male,45.172.14.196
119,Nickey,McCosker,nmccosker3a@github.io,Male,185.55.3.31
120,Trista,Simonds,tsimonds3b@sitemeter.com,Female,48.68.71.19
121,Guss,Heibel,gheibel3c@linkedin.com,Male,242.43.92.207
122,Timothee,Goring,tgoring3d@wunderground.com,Male,121.173.252.102
123,Candide,Wannell,cwannell3e@zimbio.com,Genderqueer,81.221.153.99
124,Raffarty,Iacovo,riacovo3f@digg.com,Male,176.102.224.11
125,Adel,Hanbidge,ahanbidge3g@drupal.org,Female,2.32.15.182
126,Eloise,Waadenburg,ewaadenburg3h@google.es,Female,182.37.223.227
127,Raul,Robinette,rrobinette3i@netvibes.com,Male,9.74.149.91
128,Eduino,Landsbury,elandsbury3j@youtube.com,Male,43.202.47.10
129,Brander,Sawer,bsawer3k@samsung.com,Male,243.245.172.164
130,Lynea,Mawditt,lmawditt3l@networkadvertising.org,Female,216.110.241.85
131,Mamie,Templeman,mtempleman3m@sphinn.com,Female,78.19.93.7
132,Chelsie,Evill,cevill3n@exblog.jp,Genderfluid,220.72.14.78
133,Maury,McPeck,mmcpeck3o@google.com.br,Male,12.228.123.31
134,Orren,Carp,ocarp3p@livejournal.com,Male,170.152.185.63
135,Harmonie,Kidman,hkidman3q@amazon.co.uk,Female,114.208.219.116
136,Nessy,Wilcher,nwilcher3r@dropbox.com,Genderfluid,0.169.99.151
137,Neddy,Ainsworth,nainsworth3s@nyu.edu,Bigender,131.235.50.65
138,Will,Pennetti,wpennetti3t@github.com,Male,30.65.162.210
139,Orren,McNeish,omcneish3u@berkeley.edu,Male,127.192.116.234
140,Granger,Barrabeale,gbarrabeale3v@ovh.net,Male,142.92.82.185
141,Hillel,Sysland,hsysland3w@theglobeandmail.com,Male,50.199.9.18
142,Ortensia,Marsters,omarsters3x@vk.com,Female,63.40.43.235
143,Josh,Daft,jdaft3y@google.pl,Male,23.13.115.157
144,Sylas,Cowing,scowing3z@apple.com,Male,51.173.81.209
145,Coraline,McLugaish,cmclugaish40@google.com.au,Bigender,52.89.82.173
146,Tomasina,Boteman,tboteman41@1und1.de,Female,247.246.4.227
147,Dell,Turfs,dturfs42@answers.com,Male,235.47.104.243
148,Reiko,Sheldon,rsheldon43@engadget.com,Female,9.56.174.217
149,Ariela,Tichner,atichner44@weibo.com,Female,79.133.92.114
150,Salome,Housego,shousego45@psu.edu,Female,215.208.179.68
151,Jaquith,Hradsky,jhradsky46@google.it,Female,48.128.83.3
152,Ulrica,Drummer,udrummer47@ucla.edu,Non-binary,67.92.212.214
153,Huntley,Minchin,hminchin48@prlog.org,Male,67.190.75.104
154,Ricky,Armitt,rarmitt49@icio.us,Genderfluid,0.203.128.24
155,Tatiana,O'Brallaghan,tobrallaghan4a@sourceforge.net,Female,26.127.211.164
156,Yanaton,Mantle,ymantle4b@de.vu,Male,202.59.3.87
157,Delmor,Kadar,dkadar4c@columbia.edu,Genderqueer,11.220.13.8
158,Mommy,Preshaw,mpreshaw4d@blogs.com,Female,61.107.208.144
159,Munmro,Tommaseo,mtommaseo4e@nbcnews.com,Male,232.150.166.97
160,Valerie,Overpool,voverpool4f@mediafire.com,Female,141.135.156.202
161,Kally,Blondelle,kblondelle4g@latimes.com,Female,225.201.71.48
162,Althea,Jacquet,ajacquet4h@squidoo.com,Female,45.152.194.55
163,Cosmo,Dorken,cdorken4i@bloglines.com,Genderfluid,151.208.133.103
164,Garnette,Philipson,gphilipson4j@free.fr,Female,35.115.22.18
165,Velma,Retallack,vretallack4k@nyu.edu,Agender,131.176.204.85
166,Garey,Currum,gcurrum4l@nps.gov,Male,148.156.85.32
167,Aura,Drinnan,adrinnan4m@nymag.com,Genderfluid,198.78.144.161
168,Malena,Maciaszek,mmaciaszek4n@people.com.cn,Female,175.17.151.221
169,Pierce,Hardisty,phardisty4o@exblog.jp,Male,185.64.29.243
170,Issy,Jackling,ijackling4p@timesonline.co.uk,Female,171.199.40.167
171,Rodney,Mehew,rmehew4q@tripod.com,Male,5.165.220.93
172,Darrelle,Keelin,dkeelin4r@devhub.com,Female,190.15.13.46
173,Nolie,Spirit,nspirit4s@eepurl.com,Female,41.101.59.27
174,Alex,Whenman,awhenman4t@google.co.jp,Female,29.154.17.230
175,Kendrick,Spratt,kspratt4u@tinyurl.com,Male,230.7.107.156
176,Lenora,Corbin,lcorbin4v@springer.com,Female,230.75.228.89
177,Bob,Isakovitch,bisakovitch4w@utexas.edu,Male,239.143.220.2
178,Monty,Vanderson,mvanderson4x@microsoft.com,Male,158.57.82.59
179,Lin,Worg,lworg4y@squidoo.com,Male,41.84.117.184
180,Kearney,Capeling,kcapeling4z@alexa.com,Male,140.40.20.228
181,Hervey,Pikett,hpikett50@tiny.cc,Male,228.113.32.233
182,Carleen,Tipple,ctipple51@forbes.com,Female,246.244.84.206
183,Minta,Daubeny,mdaubeny52@slideshare.net,Female,124.151.133.146
184,Ahmed,Toogood,atoogood53@list-manage.com,Male,102.204.124.6
185,Lizette,Corder,lcorder54@berkeley.edu,Female,195.156.158.220
186,Francklin,Friend,ffriend55@mashable.com,Male,77.128.183.79
187,Giffard,Fidler,gfidler56@twitpic.com,Male,66.150.136.3
188,Quill,Mor,qmor57@odnoklassniki.ru,Male,255.162.164.7
189,Sol,Eliaz,seliaz58@ox.ac.uk,Male,137.106.2.146
190,Killie,Flawith,kflawith59@geocities.com,Male,247.39.147.175
191,Shauna,Trundle,strundle5a@baidu.com,Female,94.125.75.103
192,Nevin,Agett,nagett5b@creativecommons.org,Male,127.219.213.174
193,Maryl,Minigo,mminigo5c@theatlantic.com,Female,168.167.0.81
194,Elmer,Furphy,efurphy5d@slate.com,Male,76.79.145.98
195,Suki,Mostin,smostin5e@tripadvisor.com,Female,36.163.64.114
196,Harrietta,Kinastan,hkinastan5f@geocities.com,Female,131.172.75.24
197,Janette,Lesek,jlesek5g@prnewswire.com,Genderfluid,146.72.102.141
198,Wolfie,Cheeseman,wcheeseman5h@slideshare.net,Male,149.147.85.165
199,Gasper,Shepperd,gshepperd5i@theguardian.com,Male,52.78.152.151
200,Flin,Camilleri,fcamilleri5j@hubpages.com,Genderfluid,186.106.36.73
201,Boigie,Corrison,bcorrison5k@over-blog.com,Male,53.172.230.164
202,Wittie,Beves,wbeves5l@mlb.com,Male,81.202.146.122
203,Markos,Hares,mhares5m@multiply.com,Male,147.242.149.217
204,Benedikt,Figger,bfigger5n@blogspot.com,Male,204.239.230.157
205,Knox,Durnian,kdurnian5o@si.edu,Agender,219.165.206.232
206,Guglielmo,Heister,gheister5p@acquirethisname.com,Male,4.216.201.8
207,Neille,Morrid,nmorrid5q@sohu.com,Bigender,171.223.206.67
208,Gustave,Legate,glegate5r@vistaprint.com,Non-binary,187.98.28.228
209,Phebe,Conan,pconan5s@globo.com,Female,129.64.149.2
210,Bobina,Abell,babell5t@123-reg.co.uk,Female,24.0.59.125
211,Laural,Habert,lhabert5u@webs.com,Female,107.27.226.134
212,Deeann,Coalburn,dcoalburn5v@privacy.gov.au,Female,244.94.221.94
213,Brock,Decent,bdecent5w@hao123.com,Male,39.4.178.14
214,Carolina,Wagon,cwagon5x@cbc.ca,Female,229.16.24.52
215,Tabbatha,Tsar,ttsar5y@dyndns.org,Polygender,128.35.142.232
216,Drucy,Peltz,dpeltz5z@vistaprint.com,Female,225.19.88.97
217,Hasty,Stoddard,hstoddard60@devhub.com,Male,53.139.163.30
218,Herby,Peche,hpeche61@privacy.gov.au,Agender,161.44.57.122
219,Eustacia,Liver,eliver62@patch.com,Agender,44.255.217.220
220,Asher,Luca,aluca63@nationalgeographic.com,Male,251.68.158.212
221,Rosabella,Sperrett,rsperrett64@tinyurl.com,Female,113.183.247.111
222,Francyne,Suttling,fsuttling65@techcrunch.com,Female,175.131.165.36
223,Penni,O'Looney,polooney66@prlog.org,Bigender,129.59.101.248
224,Araldo,Glitherow,aglitherow67@devhub.com,Male,38.247.160.174
225,Alfie,Willan,awillan68@baidu.com,Female,10.54.157.10
226,Toddy,Aglione,taglione69@blogs.com,Male,159.67.201.11
227,Monti,Skillington,mskillington6a@bloglines.com,Male,60.158.132.161
228,Louisa,Rowantree,lrowantree6b@wufoo.com,Female,80.81.45.214
229,Amii,Greeves,agreeves6c@eventbrite.com,Female,245.233.40.181
230,Melonie,Jeram,mjeram6d@flavors.me,Female,54.218.62.38
231,Aindrea,Bradie,abradie6e@issuu.com,Female,182.180.194.82
232,Zelig,Ranns,zranns6f@dropbox.com,Male,132.15.110.209
233,Terza,Spier,tspier6g@nih.gov,Female,226.20.215.145
234,Donn,Meaton,dmeaton6h@list-manage.com,Male,51.84.39.176
235,Marris,Trunby,mtrunby6i@ameblo.jp,Female,17.222.47.104
236,Kala,Fyndon,kfyndon6j@zimbio.com,Female,25.153.147.8
237,Baron,Winchester,bwinchester6k@wp.com,Male,28.8.96.196
238,Mona,Ivery,mivery6l@studiopress.com,Female,130.35.169.194
239,Ly,MacLice,lmaclice6m@seattletimes.com,Male,242.40.51.211
240,Rees,Blowne,rblowne6n@webs.com,Male,124.6.218.121
241,Mendie,Swanne,mswanne6o@spotify.com,Male,232.122.41.235
242,Abbie,Bridle,abridle6p@buzzfeed.com,Female,115.193.5.158
243,Jeanie,Joiris,jjoiris6q@house.gov,Female,84.194.227.131
244,Fletch,Medlen,fmedlen6r@google.com,Male,118.183.120.173
245,Dael,Cymper,dcymper6s@thetimes.co.uk,Male,229.215.56.181
246,Wilhelmine,Gilliland,wgilliland6t@skyrock.com,Female,155.79.141.216
247,Nicky,Findlay,nfindlay6u@si.edu,Female,9.138.234.76
248,Amory,Howison,ahowison6v@slate.com,Male,183.154.132.13
249,Anna-diane,Hayfield,ahayfield6w@dailymotion.com,Female,137.57.20.240
250,Norris,Iannetti,niannetti6x@theguardian.com,Bigender,1.139.203.236
251,Dominica,Clulee,dclulee6y@whitehouse.gov,Female,153.125.104.129
252,Gardie,Goold,ggoold6z@1und1.de,Agender,97.123.146.10
253,Carmencita,Polgreen,cpolgreen70@printfriendly.com,Female,63.75.34.56
254,Oates,Huntingford,ohuntingford71@myspace.com,Male,66.135.179.223
255,Brewster,Maywood,bmaywood72@hugedomains.com,Male,190.217.53.47
256,Foss,Meriott,fmeriott73@cbc.ca,Male,116.109.8.193
257,Rey,Bucktharp,rbucktharp74@gravatar.com,Male,207.110.250.29
258,Tallie,Gilmartin,tgilmartin75@rambler.ru,Male,99.246.201.2
259,Nathalia,Sessuns,nsessuns76@guardian.co.uk,Female,82.6.3.229
260,Roman,O'Corr,rocorr77@washingtonpost.com,Male,162.65.177.158
261,Peter,O' Hogan,pohogan78@ow.ly,Male,104.174.189.134
262,Brandy,Bonner,bbonner79@hatena.ne.jp,Female,14.173.42.181
263,Yvor,Leggett,yleggett7a@hibu.com,Male,250.76.115.152
264,Dayna,Kermode,dkermode7b@google.de,Female,222.129.88.222
265,Vern,Fetteplace,vfetteplace7c@foxnews.com,Polygender,21.113.169.228
266,Sheffield,Braikenridge,sbraikenridge7d@gizmodo.com,Male,191.184.201.113
267,Brooks,Jeannaud,bjeannaud7e@cam.ac.uk,Female,4.225.136.247
268,Harmonie,Vynall,hvynall7f@businessinsider.com,Female,118.227.6.36
269,Emalia,Blesing,eblesing7g@chron.com,Female,245.121.202.123
270,Stillmann,Wiggans,swiggans7h@sakura.ne.jp,Male,62.224.108.31
271,Ardis,Daveran,adaveran7i@jiathis.com,Female,236.181.102.38
272,Nappy,Giamelli,ngiamelli7j@utexas.edu,Male,110.66.175.81
273,Amber,Janczak,ajanczak7k@imdb.com,Female,51.197.228.141
274,Diego,Ikins,dikins7l@java.com,Male,57.232.5.35
275,Adah,McClaughlin,amcclaughlin7m@home.pl,Female,30.83.254.192
276,Free,Gibbie,fgibbie7n@is.gd,Male,31.222.0.26
277,Caresse,Verdy,cverdy7o@indiatimes.com,Female,23.30.77.186
278,Melloney,Reedshaw,mreedshaw7p@wordpress.org,Female,17.164.56.9
279,Rebeca,Ashbrook,rashbrook7q@google.ru,Genderfluid,173.0.69.31
280,Teddie,Lockery,tlockery7r@bing.com,Female,72.185.139.215
281,Ahmad,Hoffner,ahoffner7s@hao123.com,Male,56.248.16.156
282,Corrianne,Stairs,cstairs7t@who.int,Female,248.175.159.116
283,Zondra,Benettolo,zbenettolo7u@cam.ac.uk,Female,12.108.243.225
284,Mirna,Ginni,mginni7v@rakuten.co.jp,Female,179.11.51.86
285,Taber,Goburn,tgoburn7w@wp.com,Male,94.30.0.34
286,Adele,Freke,afreke7x@webs.com,Female,198.149.40.190
287,Lonny,Fancet,lfancet7y@theglobeandmail.com,Non-binary,218.138.241.64
288,Antonino,Newland,anewland7z@devhub.com,Male,75.124.94.221
289,Gasparo,Biaggioni,gbiaggioni80@dion.ne.jp,Male,189.198.224.135
290,Sherlock,McBeith,smcbeith81@samsung.com,Male,95.74.214.244
291,Adolpho,Kinkade,akinkade82@merriam-webster.com,Male,94.211.137.138
292,Dominic,Saurin,dsaurin83@jiathis.com,Male,202.75.251.5
293,Obediah,Filippyev,ofilippyev84@printfriendly.com,Male,120.162.66.240
294,Farand,Zieme,fzieme85@squarespace.com,Female,246.142.70.248
295,Nichole,Dendon,ndendon86@ifeng.com,Female,158.100.223.253
296,Hedi,Flecknoe,hflecknoe87@scientificamerican.com,Female,138.74.88.9
297,Iain,Borkin,iborkin88@ucsd.edu,Male,108.227.250.28
298,Modesta,Mitten,mmitten89@sciencedaily.com,Female,96.131.98.98
299,Johnathan,Cathie,jcathie8a@google.co.jp,Male,8.52.159.18
300,Tiler,Endecott,tendecott8b@webeden.co.uk,Male,105.156.153.249
301,Minor,Olyff,molyff8c@bizjournals.com,Male,217.131.197.108
302,Maryann,Beek,mbeek8d@pcworld.com,Non-binary,178.239.142.169
303,Mathilda,Grute,mgrute8e@yellowbook.com,Female,147.28.30.4
304,Clotilda,Frawley,cfrawley8f@wikimedia.org,Female,119.210.181.98
305,Brittni,Cowell,bcowell8g@w3.org,Female,132.82.66.209
306,Parker,Ohlsen,pohlsen8h@devhub.com,Male,44.223.13.100
307,Lucie,Trenholme,ltrenholme8i@abc.net.au,Bigender,161.91.233.83
308,Jeffry,Haton,jhaton8j@blogtalkradio.com,Male,215.86.121.220
309,Wilfrid,Byfield,wbyfield8k@nih.gov,Male,84.52.8.51
310,Reilly,Solan,rsolan8l@cafepress.com,Male,24.82.70.33
311,Sheela,Percival,spercival8m@bluehost.com,Female,191.194.158.79
312,Margot,Yakobowitz,myakobowitz8n@ucla.edu,Female,199.121.89.23
313,Mercedes,De Leek,mdeleek8o@usatoday.com,Female,209.96.58.200
314,Gus,Grimditch,ggrimditch8p@ibm.com,Agender,114.225.241.17
315,Aveline,Dobrovolny,adobrovolny8q@addthis.com,Female,112.52.70.38
316,Erroll,Pentycost,epentycost8r@paginegialle.it,Male,239.141.239.205
317,Jeremie,Mayers,jmayers8s@acquirethisname.com,Male,63.245.128.194
318,Tudor,Cabral,tcabral8t@deviantart.com,Male,213.76.144.199
319,Ede,Loukes,eloukes8u@g.co,Female,79.166.54.183
320,Amelia,Bumfrey,abumfrey8v@sitemeter.com,Female,83.56.176.167
321,Timmy,Bolzen,tbolzen8w@gizmodo.com,Female,248.65.67.54
322,Sergio,Woodus,swoodus8x@macromedia.com,Male,150.190.224.154
323,D'arcy,Parbrook,dparbrook8y@pen.io,Male,70.110.254.132
324,Debby,Peegrem,dpeegrem8z@addthis.com,Female,101.207.197.180
325,Jacquelyn,Dodle,jdodle90@unc.edu,Female,172.99.144.165
326,Lon,Milward,lmilward91@theglobeandmail.com,Male,83.187.0.34
327,Ninetta,Loynes,nloynes92@github.io,Female,14.181.118.120
328,Mimi,Benzie,mbenzie93@statcounter.com,Female,228.30.239.10
329,Francoise,Shinefield,fshinefield94@linkedin.com,Female,156.81.83.68
330,Demetris,Lyles,dlyles95@google.de,Male,88.12.16.195
331,Gail,Ratcliffe,gratcliffe96@unicef.org,Male,57.228.174.170
332,Birgit,Gumley,bgumley97@shareasale.com,Female,117.83.205.63
333,Ros,Livezey,rlivezey98@hhs.gov,Female,10.242.190.93
334,Jarad,Daveridge,jdaveridge99@marriott.com,Genderqueer,253.23.182.71
335,Tamarra,Taylerson,ttaylerson9a@tumblr.com,Female,71.181.188.166
336,Katey,Boulter,kboulter9b@sbwire.com,Female,104.172.214.248
337,Bradford,Kimblen,bkimblen9c@squarespace.com,Male,73.11.226.13
338,Ricardo,Trew,rtrew9d@unc.edu,Male,234.2.93.78
339,Hashim,Drews,hdrews9e@bloglines.com,Non-binary,235.108.115.8
340,Brandice,Chaman,bchaman9f@indiegogo.com,Female,208.227.197.184
341,Tanya,Bachman,tbachman9g@ocn.ne.jp,Female,193.16.249.125
342,Silvia,Peskin,speskin9h@discovery.com,Female,159.51.204.74
343,Harbert,Grimsdith,hgrimsdith9i@slashdot.org,Male,232.155.180.21
344,Dolley,Sibray,dsibray9j@digg.com,Female,181.199.100.11
345,Heddi,Gorman,hgorman9k@psu.edu,Female,106.234.112.52
346,Wenda,Forward,wforward9l@mail.ru,Female,190.142.225.42
347,Ronnie,Lain,rlain9m@si.edu,Male,154.153.150.102
348,Colby,Sanderson,csanderson9n@techcrunch.com,Male,132.211.216.203
349,Sibyl,Mattam,smattam9o@blogs.com,Male,127.212.255.23
350,Jacquelyn,Elgee,jelgee9p@chron.com,Female,151.86.180.130
351,Janetta,Broadstock,jbroadstock9q@myspace.com,Female,69.230.40.168
352,Rikki,Disney,rdisney9r@lycos.com,Genderqueer,65.8.39.42
353,Nicolle,Bandy,nbandy9s@freewebs.com,Female,203.230.27.204
354,Zak,Rydeard,zrydeard9t@utexas.edu,Male,70.165.255.87
355,Malcolm,Cookley,mcookley9u@last.fm,Male,111.24.131.45
356,Christiano,Ralling,cralling9v@nifty.com,Male,10.174.234.238
357,Sayre,Skitt,sskitt9w@hc360.com,Female,74.188.95.129
358,Reeva,Downie,rdownie9x@mediafire.com,Female,121.65.133.75
359,Ogden,Whooley,owhooley9y@miibeian.gov.cn,Male,153.187.255.208
360,Jesse,Martelet,jmartelet9z@utexas.edu,Female,72.114.195.2
361,Percy,Hans,phansa0@noaa.gov,Male,132.94.2.212
362,Cal,Heaford,cheaforda1@shinystat.com,Female,12.224.207.156
363,Robbi,Pleager,rpleagera2@sourceforge.net,Female,127.234.246.90
364,Nolan,Crowley,ncrowleya3@reuters.com,Genderqueer,117.41.201.123
365,Talbot,Ameer-Beg,tameerbega4@amazon.co.jp,Male,169.31.17.238
366,Lyndell,O'Lunny,lolunnya5@nytimes.com,Female,45.79.155.180
367,Kristen,Ragat,kragata6@sciencedaily.com,Female,34.32.25.225
368,Desmund,Umbers,dumbersa7@hud.gov,Male,172.32.125.224
369,Sergio,Ecob,secoba8@freewebs.com,Genderqueer,129.94.131.78
370,Teodoro,Reaman,treamana9@wired.com,Male,88.210.91.99
371,Algernon,Grishkov,agrishkovaa@netlog.com,Male,240.32.36.92
372,Kaiser,Espadater,kespadaterab@163.com,Male,73.82.53.143
373,Towney,Dooher,tdooherac@wired.com,Male,246.87.174.118
374,Fee,Gonoude,fgonoudead@dropbox.com,Male,90.86.111.86
375,Kara,Satterfitt,ksatterfittae@is.gd,Female,220.188.231.49
376,Brand,Gilleson,bgillesonaf@amazon.co.uk,Polygender,87.108.189.202
377,Adriano,Pollack,apollackag@apple.com,Male,73.163.55.199
378,Ethelred,Zaple,ezapleah@elpais.com,Male,71.126.81.167
379,Mona,Doody,mdoodyai@gnu.org,Female,204.90.131.132
380,Carolin,Rumford,crumfordaj@xing.com,Female,22.161.99.221
381,Wang,Fitchet,wfitchetak@webmd.com,Male,251.235.136.204
382,Lucais,Caldwall,lcaldwallal@walmart.com,Agender,131.0.39.73
383,Aron,Itzkowicz,aitzkowiczam@washingtonpost.com,Male,11.62.86.105
384,Ezekiel,Londors,elondorsan@weather.com,Male,148.229.136.48
385,Aleksandr,Deeble,adeebleao@hostgator.com,Male,91.66.186.219
386,Gilberte,Brien,gbrienap@mozilla.com,Female,174.111.58.19
387,Isabel,Wooster,iwoosteraq@mapy.cz,Female,229.10.87.206
388,Farrel,Yanin,fyaninar@technorati.com,Male,242.126.199.128
389,Dora,O'Duggan,dodugganas@stumbleupon.com,Female,58.22.169.97
390,Berti,Hryskiewicz,bhryskiewiczat@vistaprint.com,Male,3.39.97.178
391,Kalvin,Lewens,klewensau@shop-pro.jp,Polygender,120.81.190.46
392,Elonore,MacCoveney,emaccoveneyav@ca.gov,Female,184.3.227.22
393,Charmaine,Giacopetti,cgiacopettiaw@smugmug.com,Female,148.196.58.118
394,Rock,Willerton,rwillertonax@altervista.org,Male,19.159.167.78
395,Maxwell,Dearle,mdearleay@opensource.org,Male,230.237.70.34
396,Calli,Yoskowitz,cyoskowitzaz@time.com,Female,230.96.191.146
397,Abie,Bailes,abailesb0@reuters.com,Non-binary,125.233.176.123
398,Tris,Salling,tsallingb1@smh.com.au,Male,51.163.214.19
399,Starr,Geal,sgealb2@va.gov,Female,32.77.66.12
400,Casey,Trevain,ctrevainb3@salon.com,Female,79.123.246.100
401,Pepita,Riddell,priddellb4@wikimedia.org,Bigender,44.72.225.233
402,Nell,Pudsey,npudseyb5@altervista.org,Female,41.196.104.177
403,Anton,Hynes,ahynesb6@webeden.co.uk,Male,145.97.62.21
404,Julieta,Poole,jpooleb7@wunderground.com,Female,48.84.0.20
405,Tore,Nozzolinii,tnozzoliniib8@php.net,Male,122.13.70.228
406,Care,Ferrone,cferroneb9@quantcast.com,Male,222.16.248.181
407,Danette,de Villier,ddevillierba@scribd.com,Female,14.164.90.156
408,Goran,Danilovich,gdanilovichbb@adobe.com,Genderfluid,220.126.221.192
409,Anica,Arnould,aarnouldbc@goo.ne.jp,Female,224.46.223.202
410,Brandi,Kiehl,bkiehlbd@shinystat.com,Female,58.179.249.161
411,Belvia,Bloxsome,bbloxsomebe@github.io,Female,99.184.114.114
412,Decca,Siviour,dsiviourbf@unblog.fr,Male,138.88.42.91
413,Elana,Nana,enanabg@usa.gov,Female,250.79.97.28
414,Idell,Gouley,igouleybh@wikimedia.org,Genderfluid,170.248.192.253
415,Jessie,Skellen,jskellenbi@trellian.com,Male,185.93.249.212
416,Abbi,Innocent,ainnocentbj@google.co.jp,Female,143.67.236.192
417,Liana,Allain,lallainbk@networksolutions.com,Female,4.127.184.135
418,Vanessa,Sawyers,vsawyersbl@usnews.com,Female,93.160.134.179
419,Maris,Gosforth,mgosforthbm@list-manage.com,Female,88.212.90.34
420,Granny,Adamo,gadamobn@sina.com.cn,Male,168.152.178.183
421,Carlota,Pashler,cpashlerbo@posterous.com,Female,240.173.250.58
422,Jecho,Fleisch,jfleischbp@narod.ru,Male,90.21.244.9
423,Zonda,Milburn,zmilburnbq@xing.com,Female,73.151.65.250
424,Merill,Ivanonko,mivanonkobr@who.int,Male,80.4.4.37
425,Leonora,Turpie,lturpiebs@bloomberg.com,Agender,94.178.170.225
426,Neron,Goldstein,ngoldsteinbt@w3.org,Male,119.0.79.23
427,Kennith,Cobbled,kcobbledbu@usatoday.com,Male,249.182.148.176
428,Riane,Ridings,rridingsbv@ucoz.ru,Female,118.29.152.249
429,Oneida,Hensmans,ohensmansbw@blog.com,Non-binary,201.14.117.84
430,Rich,Eveleigh,reveleighbx@bravesites.com,Male,170.91.205.52
431,Germaine,Hearst,ghearstby@reuters.com,Male,98.189.225.163
432,Hadrian,Dawe,hdawebz@ocn.ne.jp,Male,116.125.81.29
433,Raimundo,Staker,rstakerc0@about.me,Male,7.178.152.174
434,Nelia,Lovat,nlovatc1@wordpress.org,Female,157.100.208.201
435,Henderson,Winwright,hwinwrightc2@mac.com,Male,215.38.103.5
436,Gray,Gingle,gginglec3@reference.com,Female,223.183.219.65
437,Rhianon,Phebee,rphebeec4@java.com,Bigender,176.58.137.73
438,Way,Ucceli,wuccelic5@rediff.com,Male,172.170.230.74
439,Lindsy,Benson,lbensonc6@rakuten.co.jp,Female,200.14.23.47
440,Garrek,Vaggers,gvaggersc7@jimdo.com,Male,77.25.49.119
441,Alverta,De la croix,adelacroixc8@oaic.gov.au,Female,25.29.157.237
442,Vonnie,Isles,vislesc9@time.com,Female,35.143.20.24
443,Gardie,Sheirlaw,gsheirlawca@alibaba.com,Male,226.35.197.66
444,Gaylor,Knaggs,gknaggscb@ca.gov,Male,186.155.18.204
445,Penelopa,Braunton,pbrauntoncc@bizjournals.com,Female,30.146.146.27
446,Susanna,Blandamere,sblandamerecd@hud.gov,Female,107.153.38.8
447,Ikey,Tindley,itindleyce@wikia.com,Male,250.117.106.193
448,Mar,Camerati,mcameraticf@i2i.jp,Male,25.38.107.56
449,Jayne,Tippett,jtippettcg@cornell.edu,Female,247.240.178.192
450,Robert,Jikylls,rjikyllsch@netlog.com,Male,70.55.109.169
451,Joellyn,Clover,jcloverci@wordpress.org,Female,101.177.14.132
452,Hervey,Limeburn,hlimeburncj@noaa.gov,Male,83.29.136.38
453,Shoshana,Lammerich,slammerichck@yahoo.com,Genderqueer,189.187.158.103
454,Avram,Duinbleton,aduinbletoncl@google.es,Bigender,240.187.208.202
455,Ezekiel,Cleverly,ecleverlycm@wikispaces.com,Male,35.155.71.206
456,Guy,Phinnis,gphinniscn@stanford.edu,Male,96.193.10.56
457,Aldrich,Hymer,ahymerco@cyberchimps.com,Bigender,223.124.33.112
458,Clive,Inworth,cinworthcp@mashable.com,Male,69.43.214.13
459,Annette,Potte,apottecq@free.fr,Female,89.65.73.75
460,Patricia,Peskin,ppeskincr@umich.edu,Female,42.230.201.164
461,Karry,Stallebrass,kstallebrasscs@pagesperso-orange.fr,Female,123.112.170.250
462,Dalton,Bault,dbaultct@who.int,Male,113.71.193.247
463,Moise,Yushankin,myushankincu@furl.net,Male,42.91.235.6
464,Chad,Cheese,ccheesecv@joomla.org,Female,196.88.7.152
465,Ingemar,Hinckley,ihinckleycw@thetimes.co.uk,Male,241.184.115.52
466,Leigh,Arundell,larundellcx@youku.com,Male,64.161.226.55
467,Meryl,Perche,mperchecy@theguardian.com,Male,124.200.12.166
468,Spence,Molohan,smolohancz@vk.com,Male,197.38.196.229
469,Quintina,Mulgrew,qmulgrewd0@paginegialle.it,Female,228.162.71.104
470,Karon,Morpeth,kmorpethd1@skyrock.com,Female,242.73.150.191
471,Marsha,Standbridge,mstandbridged2@vimeo.com,Female,97.60.142.206
472,Christiana,Cooke,ccooked3@timesonline.co.uk,Genderqueer,255.62.3.42
473,Robinet,Drewry,rdrewryd4@google.co.jp,Male,116.91.1.126
474,Nert,Tadgell,ntadgelld5@technorati.com,Female,72.225.68.59
475,Fulvia,Pell,fpelld6@sourceforge.net,Female,111.227.58.158
476,Janessa,Scawen,jscawend7@cbc.ca,Female,122.249.8.149
477,Johann,Lambole,jlamboled8@marketwatch.com,Male,184.99.58.205
478,Agnese,Stayt,astaytd9@nifty.com,Female,179.62.82.142
479,Brice,Gillcrist,bgillcristda@xinhuanet.com,Male,4.146.130.10
480,Debbie,Carder,dcarderdb@npr.org,Female,109.148.167.36
481,Diahann,Halladey,dhalladeydc@wordpress.org,Female,28.227.64.70
482,Cornelia,Lawie,clawiedd@nbcnews.com,Female,150.176.8.197
483,Karen,Luberto,klubertode@bloomberg.com,Female,238.188.172.57
484,Rubi,Stillwell,rstillwelldf@photobucket.com,Female,43.242.208.33
485,Frazer,Cordero,fcorderodg@about.com,Male,253.227.254.145
486,Marlon,Phillpotts,mphillpottsdh@blogspot.com,Male,34.177.243.216
487,Forrest,Littrell,flittrelldi@cyberchimps.com,Male,137.24.100.209
488,Brodie,Lamswood,blamswooddj@purevolume.com,Male,135.170.178.43
489,Papagena,Cuttin,pcuttindk@t.co,Female,147.26.82.204
490,Kassi,Doughty,kdoughtydl@ehow.com,Female,183.217.183.213
491,Hadley,Pendlenton,hpendlentondm@sphinn.com,Male,162.138.170.45
492,Randy,Strowan,rstrowandn@google.pl,Female,244.84.3.62
493,Ingrim,Mead,imeaddo@scribd.com,Male,164.100.221.157
494,Rianon,Eplett,replettdp@mtv.com,Female,242.147.238.120
495,Bettina,Salters,bsaltersdq@rediff.com,Female,110.41.8.79
496,Regan,Pinwill,rpinwilldr@cloudflare.com,Male,9.136.230.157
497,Christoforo,Gambie,cgambieds@addtoany.com,Male,8.179.94.24
498,Townsend,Fetteplace,tfetteplacedt@odnoklassniki.ru,Male,130.194.41.89
499,Dom,Momford,dmomforddu@a8.net,Male,1.92.2.208
500,Noelyn,Moen,nmoendv@dell.com,Agender,66.252.244.103
501,Mace,Cremen,mcremendw@cmu.edu,Male,18.41.154.128
502,Gianna,De Vaan,gdevaandx@spiegel.de,Female,238.255.231.97
503,Adolphus,Penhallurick,apenhallurickdy@gmpg.org,Male,65.154.202.252
504,Imogen,Driussi,idriussidz@illinois.edu,Female,218.76.152.11
505,Armstrong,Silvester,asilvestere0@histats.com,Male,205.149.41.150
506,Hyacinth,Rignall,hrignalle1@cpanel.net,Non-binary,251.34.120.99
507,Gavan,Marquis,gmarquise2@smh.com.au,Male,213.255.15.66
508,Willi,Kitcher,wkitchere3@mediafire.com,Male,33.231.50.62
509,Kerwin,Astill,kastille4@goodreads.com,Male,76.178.165.123
510,Georgi,Stango,gstangoe5@wiley.com,Male,245.27.189.15
511,Austin,Bellin,abelline6@bigcartel.com,Male,228.233.223.223
512,Morty,Rudge,mrudgee7@woothemes.com,Male,186.244.224.205
513,Derrik,Lindores,dlindorese8@gmpg.org,Male,120.60.24.231
514,Antonietta,Urry,aurrye9@google.ru,Female,20.193.215.239
515,Ulises,Chiplen,uchiplenea@tamu.edu,Male,34.190.174.50
516,Perry,Kinze,pkinzeeb@mysql.com,Female,103.179.231.203
517,Ancell,Cofax,acofaxec@delicious.com,Male,173.245.31.62
518,Sergent,Noblet,snobleted@quantcast.com,Male,150.69.71.160
519,Neall,Korneev,nkorneevee@vk.com,Male,61.23.136.68
520,Armstrong,Gatesman,agatesmanef@t-online.de,Male,86.237.248.15
521,Shandy,Haverson,shaversoneg@unc.edu,Female,243.91.42.159
522,Dora,Jobe,djobeeh@weather.com,Female,107.88.9.50
523,Shandy,Scholard,sscholardei@vimeo.com,Female,193.153.123.68
524,Pepi,Tomasutti,ptomasuttiej@sina.com.cn,Female,198.243.132.16
525,Maxy,Stenton,mstentonek@artisteer.com,Male,155.244.97.241
526,Orel,Barkhouse,obarkhouseel@utexas.edu,Female,253.242.162.220
527,Tessy,Yorston,tyorstonem@skyrock.com,Female,250.9.183.130
528,Bradley,Jecks,bjecksen@about.me,Male,237.67.200.75
529,Bernardina,Scase,bscaseeo@networksolutions.com,Female,198.45.226.177
530,Adelice,Trenbey,atrenbeyep@house.gov,Female,215.240.118.120
531,Atalanta,Duchasteau,aduchasteaueq@1688.com,Female,114.36.178.137
532,Cletus,Beagan,cbeaganer@biglobe.ne.jp,Male,42.74.38.211
533,Lefty,O'Hanlon,lohanlones@guardian.co.uk,Male,3.247.53.207
534,Grete,Giordano,ggiordanoet@archive.org,Female,232.91.71.190
535,Kelila,Moynihan,kmoynihaneu@tumblr.com,Female,168.215.127.29
536,Audra,Pressland,apresslandev@amazon.co.jp,Female,235.63.242.179
537,Norbert,Rydeard,nrydeardew@unblog.fr,Male,224.63.81.250
538,Blinni,Kemell,bkemellex@google.it,Female,221.62.1.37
539,Kaye,Rylstone,krylstoneey@discuz.net,Female,125.5.120.46
540,Eugenia,Digle,edigleez@vkontakte.ru,Female,181.221.175.199
541,Arda,Minico,aminicof0@webeden.co.uk,Female,162.219.26.128
542,Stafford,Wherry,swherryf1@gnu.org,Male,245.18.144.132
543,Reggie,Durnan,rdurnanf2@oakley.com,Male,63.159.237.45
544,Shea,Bescoby,sbescobyf3@biblegateway.com,Female,6.172.22.100
545,Nevins,Larkworthy,nlarkworthyf4@dailymail.co.uk,Male,243.119.109.40
546,Eldridge,Thwaites,ethwaitesf5@admin.ch,Male,159.171.221.249
547,Fransisco,Andrasch,fandraschf6@seattletimes.com,Male,107.191.15.133
548,Rusty,Asmus,rasmusf7@time.com,Male,103.153.72.170
549,Brenna,Brittan,bbrittanf8@elpais.com,Female,146.42.128.102
550,Anthony,Ruggier,aruggierf9@cnbc.com,Male,187.30.26.170
551,Montague,Hickisson,mhickissonfa@drupal.org,Male,121.242.110.8
552,Gerard,Castelain,gcastelainfb@nba.com,Male,40.156.235.224
553,Lorrin,Lehmann,llehmannfc@ameblo.jp,Female,218.119.237.74
554,Anthony,Belsham,abelshamfd@live.com,Male,119.101.73.172
555,Reube,Vesty,rvestyfe@hugedomains.com,Male,71.69.239.191
556,Sully,Marvell,smarvellff@weebly.com,Non-binary,85.121.176.12
557,Ileane,Tidcombe,itidcombefg@reuters.com,Female,13.118.168.113
558,Si,Walenta,swalentafh@dailymotion.com,Genderfluid,201.86.241.73
559,Rubin,Rudland,rrudlandfi@angelfire.com,Male,241.101.33.168
560,Thorndike,Wilmington,twilmingtonfj@github.io,Male,168.210.216.18
561,Elmira,Medler,emedlerfk@google.de,Female,168.38.179.80
562,Dreddy,McErlaine,dmcerlainefl@skype.com,Genderqueer,94.229.91.93
563,Devin,Normavill,dnormavillfm@nymag.com,Female,24.75.35.181
564,Minda,Arrault,marraultfn@blogs.com,Female,106.102.63.107
565,Price,Giovannacci,pgiovannaccifo@jiathis.com,Male,166.176.133.216
566,Dory,Sirrell,dsirrellfp@apple.com,Male,51.243.108.118
567,Chauncey,Attack,cattackfq@princeton.edu,Male,1.67.81.129
568,Seth,Wedderburn,swedderburnfr@unesco.org,Male,18.92.167.130
569,Amy,Sallows,asallowsfs@addtoany.com,Female,200.67.140.94
570,Jany,Sheldon,jsheldonft@chron.com,Female,142.209.142.10
571,Nonie,Grewer,ngrewerfu@netlog.com,Female,2.98.79.110
572,Aldin,Bissill,abissillfv@chicagotribune.com,Male,212.163.90.194
573,Gayle,Hoyte,ghoytefw@elpais.com,Female,173.0.83.254
574,Seymour,Bretherick,sbretherickfx@google.de,Male,153.213.210.175
575,Rhianna,Francescone,rfrancesconefy@nasa.gov,Female,89.103.167.119
576,Abdel,Dwight,adwightfz@globo.com,Male,128.34.134.39
577,Lovell,McGinnell,lmcginnellg0@yahoo.co.jp,Male,36.74.76.162
578,Brantley,Brownhill,bbrownhillg1@reverbnation.com,Male,205.242.219.230
579,Elia,Mewett,emewettg2@biblegateway.com,Male,216.7.210.92
580,Franzen,Boraston,fborastong3@phoca.cz,Male,207.15.73.142
581,Marlow,Shiers,mshiersg4@pinterest.com,Male,173.106.11.176
582,Jojo,Brafield,jbrafieldg5@fda.gov,Female,61.123.197.186
583,Dill,Salvadore,dsalvadoreg6@elpais.com,Male,250.115.43.136
584,Finn,Coat,fcoatg7@guardian.co.uk,Male,253.25.231.85
585,Gertrude,Lie,glieg8@digg.com,Female,59.84.121.188
586,Lindon,Dennehy,ldennehyg9@indiegogo.com,Male,45.25.110.51
587,Dar,Blenkinsopp,dblenkinsoppga@netvibes.com,Male,80.214.167.185
588,Hyman,Konmann,hkonmanngb@usatoday.com,Male,152.106.27.163
589,Hoebart,Tait,htaitgc@digg.com,Male,171.92.82.51
590,Rolph,Sizey,rsizeygd@abc.net.au,Male,225.84.156.10
591,Tabitha,Tethcote,ttethcotege@instagram.com,Female,250.105.243.20
592,Evelina,Winterbottom,ewinterbottomgf@discuz.net,Female,195.161.74.123
593,Chic,Carwithim,ccarwithimgg@accuweather.com,Male,109.52.177.239
594,Crosby,Folke,cfolkegh@squarespace.com,Male,81.30.10.50
595,Blakelee,Lambis,blambisgi@multiply.com,Female,126.118.51.44
596,Jaime,McSaul,jmcsaulgj@google.co.uk,Genderqueer,145.55.165.85
597,Mona,Croyser,mcroysergk@cbslocal.com,Female,176.3.227.132
598,Niel,Caplen,ncaplengl@purevolume.com,Male,198.88.52.164
599,Moreen,Tomaino,mtomainogm@4shared.com,Female,61.133.36.190
600,Belinda,Zecchii,bzecchiign@arizona.edu,Female,71.167.207.211
601,Darrelle,Tolussi,dtolussigo@tmall.com,Female,163.141.105.60
602,Franklin,Chesshyre,fchesshyregp@mysql.com,Male,27.118.114.222
603,Juliann,Profit,jprofitgq@fema.gov,Female,59.229.34.238
604,Ephraim,Eburne,eeburnegr@deviantart.com,Male,216.235.206.163
605,Amby,Bridal,abridalgs@google.ca,Male,111.38.254.47
606,Waring,Petworth,wpetworthgt@e-recht24.de,Male,24.121.132.77
607,Hollie,Bullman,hbullmangu@delicious.com,Female,207.130.234.92
608,Fayette,Bufton,fbuftongv@eepurl.com,Female,193.3.38.221
609,Alick,Dyshart,adyshartgw@wunderground.com,Male,60.29.205.64
610,Marga,Postlewhite,mpostlewhitegx@sakura.ne.jp,Female,170.147.47.54
611,James,O'Noulane,jonoulanegy@patch.com,Male,220.254.105.228
612,Eamon,Hothersall,ehothersallgz@ehow.com,Male,18.238.255.57
613,Shanie,Raybould,sraybouldh0@sciencedaily.com,Genderqueer,47.108.15.142
614,Sabina,Portail,sportailh1@jugem.jp,Female,23.70.23.246
615,Roch,Learie,rlearieh2@theatlantic.com,Female,79.163.184.209
616,Aldric,Kirrens,akirrensh3@posterous.com,Male,248.166.241.233
617,Durant,Serle,dserleh4@creativecommons.org,Male,78.99.194.57
618,Brockie,McGrae,bmcgraeh5@weather.com,Male,16.199.108.102
619,Norton,Mouan,nmouanh6@cafepress.com,Male,112.218.255.3
620,Rurik,Bartoshevich,rbartoshevichh7@cnn.com,Male,136.163.141.248
621,Falito,Mendoza,fmendozah8@umich.edu,Male,176.168.98.188
622,Frankie,Jacks,fjacksh9@sourceforge.net,Male,71.38.22.186
623,Cristen,Bercher,cbercherha@chicagotribune.com,Female,103.136.224.47
624,Moria,Giottoi,mgiottoihb@fastcompany.com,Female,108.52.55.28
625,Erinna,Legon,elegonhc@fc2.com,Female,233.173.51.90
626,Tandie,Markussen,tmarkussenhd@i2i.jp,Female,3.26.166.251
627,Weston,Tillyer,wtillyerhe@mlb.com,Male,135.60.175.153
628,Mallissa,Scurlock,mscurlockhf@google.com,Female,18.130.22.93
629,Clark,Hinder,chinderhg@nba.com,Male,89.154.25.235
630,Oran,Gudahy,ogudahyhh@nydailynews.com,Male,136.197.195.81
631,Chrissie,Leyland,cleylandhi@woothemes.com,Male,51.148.2.159
632,Arden,Culshaw,aculshawhj@mapy.cz,Female,50.10.58.28
633,Vick,Yushkin,vyushkinhk@eventbrite.com,Male,107.231.217.225
634,Tybalt,Vigietti,tvigiettihl@google.de,Male,0.198.0.16
635,Tamarra,Bourcq,tbourcqhm@washington.edu,Female,97.39.44.209
636,Agata,Paradis,aparadishn@tmall.com,Female,173.252.236.184
637,Fina,Pirrey,fpirreyho@answers.com,Female,130.107.4.102
638,Carmelita,Eyree,ceyreehp@uiuc.edu,Female,94.15.154.103
639,Bill,Brunone,bbrunonehq@webs.com,Female,164.93.186.143
640,Rab,Leve,rlevehr@webmd.com,Male,158.182.158.193
641,Katrinka,Verbrugge,kverbruggehs@yelp.com,Female,185.51.36.102
642,Jeniffer,Life,jlifeht@vistaprint.com,Female,236.50.200.0
643,Crichton,Wayman,cwaymanhu@hao123.com,Male,223.223.55.107
644,Lorne,Kelsey,lkelseyhv@blinklist.com,Male,184.200.69.52
645,Josepha,Ballantyne,jballantynehw@is.gd,Female,45.31.189.89
646,Stephani,Pomfrey,spomfreyhx@oaic.gov.au,Female,228.5.76.66
647,Melba,Salla,msallahy@addtoany.com,Female,195.71.237.178
648,Pippa,Cawdron,pcawdronhz@blogspot.com,Female,56.18.40.116
649,Igor,Hardern,iharderni0@1688.com,Male,109.137.115.14
650,Rana,Timeby,rtimebyi1@alibaba.com,Female,175.14.171.91
651,Gerty,Dillamore,gdillamorei2@fotki.com,Female,62.251.45.156
652,Anne-marie,St Angel,astangeli3@fema.gov,Female,217.48.170.147
653,Valdemar,Sheen,vsheeni4@spotify.com,Male,78.167.189.192
654,Jacquelynn,Finnie,jfinniei5@moonfruit.com,Female,209.66.3.58
655,Dasi,Raymen,draymeni6@amazon.co.uk,Female,129.156.129.220
656,Natale,Pond,npondi7@chronoengine.com,Male,89.103.235.220
657,Hodge,Cassius,hcassiusi8@altervista.org,Male,51.163.25.202
658,Will,Bannister,wbannisteri9@elegantthemes.com,Male,16.22.117.228
659,Hanna,Blenkiron,hblenkironia@cafepress.com,Female,202.250.244.97
660,Jazmin,Hardin,jhardinib@homestead.com,Female,67.86.43.108
661,Elbert,Reicharz,ereicharzic@cdbaby.com,Bigender,40.51.28.211
662,Ab,Bavridge,abavridgeid@xinhuanet.com,Male,26.215.116.78
663,Brock,Braemer,bbraemerie@webeden.co.uk,Male,56.196.250.8
664,Lance,Medley,lmedleyif@imdb.com,Male,126.228.194.255
665,Morris,Matteini,mmatteiniig@cdbaby.com,Genderfluid,78.55.248.221
666,Flynn,Seaward,fseawardih@vistaprint.com,Male,115.189.160.203
667,Darn,Furmedge,dfurmedgeii@nyu.edu,Male,242.143.154.164
668,Adele,Geoghegan,ageogheganij@issuu.com,Female,5.84.72.50
669,Fred,Losselyong,flosselyongik@vkontakte.ru,Genderfluid,172.33.249.209
670,Christopher,Whitlow,cwhitlowil@merriam-webster.com,Male,131.41.35.25
671,Dareen,Atterbury,datterburyim@timesonline.co.uk,Female,154.10.198.192
672,Kaja,Fawdery,kfawderyin@spiegel.de,Female,131.140.145.97
673,Brooke,Maunders,bmaundersio@bravesites.com,Male,214.161.25.16
674,Sisely,Klossek,sklossekip@elpais.com,Genderqueer,24.67.12.182
675,Ulises,Marfell,umarfelliq@xrea.com,Male,14.223.89.48
676,Deonne,Bellhouse,dbellhouseir@soundcloud.com,Female,79.152.163.189
677,Sly,Harral,sharralis@archive.org,Non-binary,236.175.210.240
678,Ophelie,Rois,oroisit@plala.or.jp,Female,23.39.102.151
679,Ade,Thoresby,athoresbyiu@phoca.cz,Male,76.88.164.3
680,Westleigh,Hessenthaler,whessenthaleriv@bravesites.com,Male,143.52.215.113
681,Mame,Kinzett,mkinzettiw@skyrock.com,Female,43.246.226.50
682,Dixie,Lowndsbrough,dlowndsbroughix@nymag.com,Female,136.37.131.179
683,Wynnie,Eddisforth,weddisforthiy@cbc.ca,Female,248.127.149.192
684,Ricard,Eyres,reyresiz@xinhuanet.com,Male,225.149.89.124
685,Brandi,Lacotte,blacottej0@tinyurl.com,Non-binary,253.63.166.152
686,Antonella,Pembridge,apembridgej1@google.pl,Female,36.171.166.122
687,Elonore,Hazelgreave,ehazelgreavej2@addtoany.com,Female,63.124.108.107
688,Diane-marie,Utridge,dutridgej3@economist.com,Female,159.203.155.223
689,Arabelle,Early,aearlyj4@state.tx.us,Female,240.77.118.30
690,Kevon,Memory,kmemoryj5@meetup.com,Male,159.63.66.119
691,Gare,Hatfull,ghatfullj6@cpanel.net,Male,146.77.161.150
692,Cass,Capelin,ccapelinj7@sciencedaily.com,Male,5.80.61.72
693,Colin,Pessler,cpesslerj8@yale.edu,Male,143.189.61.54
694,Patsy,Levens,plevensj9@independent.co.uk,Male,3.144.2.20
695,Adrian,Shilstone,ashilstoneja@geocities.jp,Female,157.165.209.85
696,Salvidor,Gaucher,sgaucherjb@reuters.com,Male,158.240.9.229
697,Marten,Vautier,mvautierjc@skype.com,Male,196.203.123.160
698,Cyrus,Ivashkin,civashkinjd@histats.com,Male,106.50.223.63
699,Alick,Noor,anoorje@goo.ne.jp,Male,248.102.54.217
700,Giles,Balls,gballsjf@google.co.jp,Male,162.116.146.184
701,Dusty,Hepher,dhepherjg@sohu.com,Non-binary,115.217.78.244
702,Harwell,Veighey,hveigheyjh@telegraph.co.uk,Agender,230.120.49.191
703,Helenelizabeth,Pavlitschek,hpavlitschekji@e-recht24.de,Female,48.59.87.128
704,Giacopo,Mineghelli,gmineghellijj@de.vu,Male,169.149.137.194
705,Courtney,Van Der Weedenburg,cvanderweedenburgjk@xing.com,Male,78.60.157.7
706,Devondra,Stirman,dstirmanjl@answers.com,Female,58.193.194.32
707,August,Musprat,amuspratjm@bigcartel.com,Polygender,201.100.242.207
708,Renaud,McAvey,rmcaveyjn@un.org,Male,200.83.212.109
709,Donella,Bearn,dbearnjo@upenn.edu,Bigender,223.45.85.224
710,Dael,Klewi,dklewijp@addthis.com,Male,166.139.215.212
711,Gwenneth,Jeanin,gjeaninjq@dyndns.org,Female,4.200.248.88
712,Ogdon,Thomasson,othomassonjr@mail.ru,Male,94.30.135.191
713,Karrie,Bengall,kbengalljs@hud.gov,Female,154.199.246.201
714,Alister,Edelheid,aedelheidjt@meetup.com,Male,219.60.148.190
715,Kiele,Dillingstone,kdillingstoneju@disqus.com,Female,15.58.44.90
716,Merell,Hazlehurst,mhazlehurstjv@google.com,Male,10.234.100.207
717,Augy,Kisbey,akisbeyjw@live.com,Male,149.9.229.246
718,Celinda,Behneke,cbehnekejx@opera.com,Female,255.174.214.216
719,Sheilakathryn,Satterfitt,ssatterfittjy@wired.com,Female,182.213.233.29
720,Paolina,Pointing,ppointingjz@twitter.com,Female,181.193.190.241
721,Flemming,Okeshott,fokeshottk0@adobe.com,Male,62.20.4.141
722,Jaye,Pennicard,jpennicardk1@fastcompany.com,Male,104.237.163.138
723,Muire,Carnier,mcarnierk2@uol.com.br,Female,18.43.255.98
724,Nichole,Siaskowski,nsiaskowskik3@discuz.net,Non-binary,67.216.103.57
725,Reidar,Skeates,rskeatesk4@desdev.cn,Male,21.176.73.131
726,Barnabe,Gotcliffe,bgotcliffek5@addtoany.com,Male,112.233.215.233
727,Micah,Buessen,mbuessenk6@patch.com,Male,94.197.204.56
728,Hewitt,Boatwright,hboatwrightk7@goodreads.com,Male,27.3.94.165
729,Cassi,Welbeck,cwelbeckk8@dedecms.com,Female,246.85.146.220
730,Fonzie,Fancet,ffancetk9@bbb.org,Male,128.206.65.134
731,Enrichetta,Garvin,egarvinka@macromedia.com,Non-binary,207.160.38.239
732,Nickie,Chattell,nchattellkb@hp.com,Male,189.156.45.40
733,Lanni,Stainson,lstainsonkc@hc360.com,Female,237.23.32.80
734,Haslett,Wigin,hwiginkd@whitehouse.gov,Male,10.111.179.155
735,Giacobo,Picford,gpicfordke@baidu.com,Male,170.203.47.74
736,Sherye,Langtree,slangtreekf@instagram.com,Female,127.194.199.181
737,Mable,Coppock.,mcoppockkg@telegraph.co.uk,Female,72.50.247.73
738,Buck,Bremen,bbremenkh@bloglines.com,Male,176.86.174.4
739,Cazzie,Ivanchov,civanchovki@blog.com,Male,30.153.22.97
740,Ricoriki,Ibbitson,ribbitsonkj@webs.com,Male,170.217.68.215
741,Hermann,Beckerleg,hbeckerlegkk@wisc.edu,Male,128.235.66.128
742,Hannah,Barenskie,hbarenskiekl@blog.com,Female,126.66.250.231
743,Junie,Dymond,jdymondkm@uol.com.br,Female,216.148.205.248
744,Allianora,Awmack,aawmackkn@macromedia.com,Female,72.177.240.42
745,Kanya,Harford,kharfordko@amazonaws.com,Bigender,251.7.148.241
746,Michael,Liepins,mliepinskp@spiegel.de,Male,109.101.186.202
747,Ike,Strete,istretekq@chronoengine.com,Male,56.56.97.141
748,Petra,Burland,pburlandkr@twitter.com,Female,24.74.210.255
749,Coretta,Puttan,cputtanks@blogtalkradio.com,Female,12.24.118.96
750,Joyan,Wixey,jwixeykt@bbb.org,Female,113.223.139.147
751,Norman,Noon,nnoonku@csmonitor.com,Male,23.66.6.74
752,Demetris,Kenealy,dkenealykv@edublogs.org,Female,121.162.101.42
753,Ladonna,Thurner,lthurnerkw@topsy.com,Female,114.20.113.36
754,Pattie,Jerger,pjergerkx@imgur.com,Female,136.136.128.55
755,Goldia,Shinefield,gshinefieldky@netscape.com,Female,206.80.144.137
756,Tommy,Lynthal,tlynthalkz@google.cn,Polygender,57.97.55.154
757,Georgi,Cutress,gcutressl0@chron.com,Male,167.53.39.109
758,Isador,Sprigings,isprigingsl1@cbslocal.com,Male,158.147.108.249
759,Nomi,Bubear,nbubearl2@zimbio.com,Female,47.27.140.25
760,Ardra,Eccott,aeccottl3@surveymonkey.com,Female,247.182.221.120
761,Allistir,Bellson,abellsonl4@artisteer.com,Male,32.23.188.53
762,Nilson,Gipp,ngippl5@wufoo.com,Male,106.83.33.150
763,Maia,Liddyard,mliddyardl6@rambler.ru,Female,93.11.247.223
764,Aubry,Willshere,awillsherel7@spiegel.de,Polygender,217.239.56.104
765,Rusty,Adney,radneyl8@reverbnation.com,Male,24.7.63.175
766,Bent,Methingam,bmethingaml9@archive.org,Male,4.70.198.244
767,Tricia,Fackrell,tfackrellla@trellian.com,Female,213.216.165.121
768,Mady,Ludmann,mludmannlb@opera.com,Female,108.30.220.93
769,Harriette,Campanelle,hcampanellelc@mashable.com,Female,143.11.150.136
770,Giulietta,Starzaker,gstarzakerld@miitbeian.gov.cn,Female,99.75.239.11
771,Saraann,Parke,sparkele@google.com.au,Female,35.126.232.206
772,Tam,Izzard,tizzardlf@cmu.edu,Male,36.30.178.153
773,Nanette,Rannie,nrannielg@gravatar.com,Female,175.15.187.209
774,Vinny,Davers,vdaverslh@yellowpages.com,Female,36.114.166.53
775,Davie,Schonfeld,dschonfeldli@spiegel.de,Male,234.79.198.171
776,Cleopatra,Wallwork,cwallworklj@salon.com,Female,229.231.152.105
777,Deny,Booty,dbootylk@vinaora.com,Female,161.238.27.197
778,Denys,Maasze,dmaaszell@ovh.net,Male,198.79.217.130
779,Cammy,Kettoe,ckettoelm@seesaa.net,Male,33.126.166.16
780,Wenonah,Ledwith,wledwithln@bloomberg.com,Female,208.143.120.169
781,Demetris,Farmloe,dfarmloelo@squarespace.com,Male,119.77.194.224
782,Ola,Alvarado,oalvaradolp@goodreads.com,Female,85.56.107.45
783,Caria,Clampe,cclampelq@java.com,Female,71.101.153.238
784,Bax,Gwillyam,bgwillyamlr@multiply.com,Genderqueer,253.41.73.193
785,Linzy,Mitie,lmitiels@linkedin.com,Female,102.5.60.4
786,Gertie,McDell,gmcdelllt@bloglovin.com,Female,218.55.150.50
787,Jozef,McCreath,jmccreathlu@360.cn,Male,158.106.248.52
788,Cello,Radbourne,cradbournelv@comsenz.com,Male,231.69.63.36
789,Krissy,Bamb,kbamblw@dedecms.com,Female,58.125.211.226
790,Charity,Matiebe,cmatiebelx@salon.com,Female,207.217.228.202
791,Cesya,Boorne,cboornely@dailymail.co.uk,Female,12.241.83.193
792,Victor,De la Yglesia,vdelayglesialz@stanford.edu,Male,246.236.158.171
793,Helenka,Christofol,hchristofolm0@lulu.com,Genderfluid,122.236.49.222
794,Elspeth,de Werk,edewerkm1@newyorker.com,Female,28.242.226.76
795,Marius,Gamlen,mgamlenm2@sohu.com,Male,28.76.243.206
796,Leeanne,Lathe,llathem3@wufoo.com,Female,178.207.150.87
797,Christiane,Shovelin,cshovelinm4@state.gov,Genderqueer,38.39.196.162
798,Eddi,Hampshaw,ehampshawm5@upenn.edu,Female,104.71.193.82
799,Barbabas,Lamanby,blamanbym6@pinterest.com,Male,115.137.136.157
800,Harvey,Petrushkevich,hpetrushkevichm7@washingtonpost.com,Male,69.165.139.182
801,Emmett,Skaife,eskaifem8@tuttocitta.it,Male,4.183.186.166
802,Rand,Cubley,rcubleym9@mapquest.com,Male,99.213.64.106
803,Raychel,Zanre,rzanrema@live.com,Female,210.85.70.142
804,Ynes,Hazeltine,yhazeltinemb@hostgator.com,Female,181.57.101.131
805,Molli,Reace,mreacemc@mlb.com,Bigender,6.139.9.84
806,Boyce,Leeds,bleedsmd@wix.com,Male,108.219.254.102
807,Antonella,Treversh,atrevershme@bluehost.com,Female,17.1.184.47
808,Avram,Emanuelov,aemanuelovmf@craigslist.org,Male,205.158.67.221
809,Noell,Storch,nstorchmg@usnews.com,Female,159.150.183.149
810,Sherwynd,Finlator,sfinlatormh@cdbaby.com,Male,88.183.15.147
811,Reeba,Alti,raltimi@cargocollective.com,Female,163.241.233.26
812,Chandal,Parslow,cparslowmj@samsung.com,Female,244.106.27.86
813,Elisha,Hambright,ehambrightmk@about.com,Male,240.68.209.140
814,Franni,Hawkswell,fhawkswellml@networksolutions.com,Female,251.57.223.195
815,Sheridan,Drakers,sdrakersmm@cbc.ca,Male,171.28.221.223
816,Sarita,Medland,smedlandmn@twitter.com,Female,7.84.153.54
817,Salomon,Crucetti,scrucettimo@mysql.com,Male,111.62.241.114
818,Bev,Meritt,bmerittmp@upenn.edu,Male,94.154.169.244
819,Claudianus,Witson,cwitsonmq@qq.com,Male,168.30.229.53
820,Gabriella,Grigoroni,ggrigoronimr@google.nl,Female,163.34.227.130
821,Dominique,McCluney,dmccluneyms@163.com,Male,175.112.174.144
822,Ives,Janusik,ijanusikmt@shareasale.com,Male,137.19.39.47
823,Durward,Genney,dgenneymu@lycos.com,Male,208.1.58.41
824,Archaimbaud,Benger,abengermv@i2i.jp,Male,172.135.134.13
825,Daren,Havile,dhavilemw@facebook.com,Male,14.238.73.220
826,Anet,Duckhouse,aduckhousemx@gizmodo.com,Female,159.126.142.42
827,Donelle,Cleveland,dclevelandmy@hc360.com,Female,222.152.121.148
828,Francklyn,Gue,fguemz@bigcartel.com,Male,128.98.158.8
829,Vincenty,Chismon,vchismonn0@springer.com,Male,84.151.102.140
830,Barr,Chesshyre,bchesshyren1@smugmug.com,Male,194.217.232.168
831,Horatio,Kilmurray,hkilmurrayn2@hexun.com,Polygender,3.47.36.25
832,Lazarus,Brombell,lbrombelln3@reuters.com,Male,100.1.110.218
833,Susanna,Sapir,ssapirn4@nymag.com,Genderfluid,187.121.149.170
834,Mart,Swedeland,mswedelandn5@yahoo.co.jp,Male,13.207.200.3
835,Emmet,Jansson,ejanssonn6@java.com,Male,113.38.213.156
836,Jeno,Wybern,jwybernn7@java.com,Male,106.128.244.133
837,Pinchas,Desport,pdesportn8@addthis.com,Male,58.112.149.23
838,Nesta,Wise,nwisen9@businessweek.com,Female,147.143.31.99
839,Dun,Korneichuk,dkorneichukna@a8.net,Male,61.10.213.60
840,Robb,Iglesia,riglesianb@aboutads.info,Male,98.93.35.235
841,Meade,Cordeau],mcordeaunc@gravatar.com,Male,8.203.232.2
842,Terrye,Gerard,tgerardnd@cnet.com,Female,181.123.184.163
843,Lauralee,Capstack,lcapstackne@google.es,Female,251.202.11.29
844,Humberto,Hazard,hhazardnf@stanford.edu,Male,3.181.236.75
845,Bartram,De Vries,bdevriesng@wired.com,Male,252.200.59.207
846,Dorisa,Duckett,dduckettnh@aboutads.info,Non-binary,173.171.58.233
847,Gonzalo,Merrydew,gmerrydewni@gmpg.org,Male,226.66.38.212
848,Fabe,Genders,fgendersnj@state.tx.us,Male,96.35.175.127
849,Bert,Worsall,bworsallnk@artisteer.com,Male,207.36.242.216
850,Roseanne,Strong,rstrongnl@newyorker.com,Female,71.152.156.39
851,Veronique,Mayoh,vmayohnm@youku.com,Agender,227.255.6.205
852,Aguste,Alloisi,aalloisinn@jigsy.com,Genderfluid,178.118.155.70
853,Archibold,Marioneau,amarioneauno@cloudflare.com,Male,203.89.163.2
854,Angelita,Rosone,arosonenp@opensource.org,Female,97.209.249.152
855,Reed,Dudson,rdudsonnq@zimbio.com,Male,204.15.64.76
856,Horten,Malsher,hmalshernr@vimeo.com,Polygender,83.40.191.22
857,Kain,Teggin,ktegginns@twitter.com,Male,111.7.159.15
858,Hayden,Petters,hpettersnt@oracle.com,Male,170.129.230.116
859,Wallas,Rivalant,wrivalantnu@prweb.com,Male,116.84.6.241
860,Reinhard,Hallsworth,rhallsworthnv@foxnews.com,Male,176.174.243.111
861,Maxi,Figliovanni,mfigliovanninw@hubpages.com,Female,30.225.178.105
862,Morgen,Atlee,matleenx@aboutads.info,Female,32.248.132.163
863,Piper,Brett,pbrettny@google.it,Genderqueer,46.193.36.24
864,Tiler,Darleston,tdarlestonnz@symantec.com,Male,159.132.11.81
865,Montague,Reaper,mreapero0@mozilla.com,Male,1.66.131.170
866,Napoleon,Vergo,nvergoo1@biblegateway.com,Male,63.217.161.143
867,Allyce,Thackeray,athackerayo2@goodreads.com,Female,168.56.75.114
868,Tally,Beaufoy,tbeaufoyo3@stumbleupon.com,Female,178.62.30.132
869,Ilka,Akram,iakramo4@nydailynews.com,Non-binary,20.249.7.211
870,Abagail,Brockbank,abrockbanko5@xinhuanet.com,Female,215.25.45.83
871,Calli,Waplington,cwaplingtono6@yellowpages.com,Genderqueer,32.58.37.73
872,Griffy,Marcinkus,gmarcinkuso7@ehow.com,Male,138.234.129.254
873,Caz,McGuff,cmcguffo8@scientificamerican.com,Male,105.28.70.4
874,Frayda,Connechy,fconnechyo9@cbsnews.com,Non-binary,235.190.103.127
875,Alva,Jakuszewski,ajakuszewskioa@liveinternet.ru,Male,119.79.88.100
876,Tomlin,Dreschler,tdreschlerob@sohu.com,Male,9.105.30.250
877,Samara,Diter,sditeroc@de.vu,Female,113.77.186.194
878,Muffin,Lindenboim,mlindenboimod@typepad.com,Female,88.132.202.154
879,Oberon,Hudd,ohuddoe@ning.com,Male,47.0.172.144
880,Lynda,Dehn,ldehnof@histats.com,Female,17.35.212.148
881,Odell,Rault,oraultog@hexun.com,Male,217.220.15.213
882,Austen,Penreth,apenrethoh@purevolume.com,Male,153.74.35.89
883,Flint,Fumagall,ffumagalloi@pcworld.com,Male,172.238.169.82
884,Elvina,Dancer,edanceroj@cyberchimps.com,Female,118.197.9.62
885,Dru,Ortell,dortellok@sitemeter.com,Polygender,81.161.26.183
886,Wilma,Dunklee,wdunkleeol@mail.ru,Female,85.115.205.18
887,Hewett,Pregel,hpregelom@dropbox.com,Male,203.51.187.108
888,Lenora,Ackenson,lackensonon@techcrunch.com,Female,213.234.168.112
889,Oberon,Kopfen,okopfenoo@mlb.com,Male,44.89.47.151
890,Kimble,VanBrugh,kvanbrughop@china.com.cn,Male,240.107.48.163
891,Leeann,Painswick,lpainswickoq@youtube.com,Female,78.19.67.123
892,Danila,Bowller,dbowlleror@oracle.com,Female,33.122.170.204
893,Timothea,Lindsley,tlindsleyos@yellowpages.com,Female,55.252.123.61
894,Jessalyn,Bassill,jbassillot@t.co,Female,129.152.171.207
895,Aurelea,Tipling,atiplingou@boston.com,Genderfluid,115.67.237.98
896,Dagmar,Gritton,dgrittonov@java.com,Female,95.127.45.167
897,Lizette,Andreone,landreoneow@va.gov,Polygender,112.52.75.65
898,Tull,Bassford,tbassfordox@jimdo.com,Male,18.101.241.220
899,Annnora,Corselles,acorsellesoy@typepad.com,Female,199.99.67.207
900,Fred,Esselin,fesselinoz@seattletimes.com,Female,23.198.96.119
901,Ewen,Brevitt,ebrevittp0@latimes.com,Male,146.87.34.85
902,Ramsay,Mathias,rmathiasp1@sourceforge.net,Male,188.128.40.180
903,Lela,Scuffham,lscuffhamp2@accuweather.com,Female,173.223.118.32
904,Perkin,Eingerfield,peingerfieldp3@godaddy.com,Male,118.82.171.232
905,Gunner,Jewer,gjewerp4@naver.com,Male,50.18.159.137
906,Joelly,Fountain,jfountainp5@howstuffworks.com,Non-binary,75.89.22.115
907,See,Lyddy,slyddyp6@earthlink.net,Male,140.233.239.28
908,Amelie,Hun,ahunp7@yellowbook.com,Female,217.185.104.59
909,Ericha,Stockney,estockneyp8@delicious.com,Female,249.119.135.15
910,Geoff,Raffin,graffinp9@barnesandnoble.com,Male,186.118.128.93
911,Becka,Iacovuzzi,biacovuzzipa@toplist.cz,Female,228.33.64.39
912,Kiri,Beckitt,kbeckittpb@clickbank.net,Female,28.158.0.94
913,Stavros,McCarty,smccartypc@examiner.com,Male,18.165.108.180
914,Barclay,Boyton,bboytonpd@ask.com,Male,148.173.103.139
915,Horacio,Barff,hbarffpe@psu.edu,Male,234.63.80.155
916,Chastity,Quantick,cquantickpf@smugmug.com,Female,113.139.243.169
917,Kiah,Smoth,ksmothpg@discovery.com,Female,153.154.140.203
918,Shelli,Dismore,sdismoreph@example.com,Female,212.54.180.228
919,Eydie,Gerin,egerinpi@cdc.gov,Female,246.77.102.23
920,Audy,Kyffin,akyffinpj@examiner.com,Female,228.81.144.177
921,Woody,McEneny,wmcenenypk@github.com,Male,235.6.49.17
922,Billye,Powley,bpowleypl@wiley.com,Female,123.217.22.88
923,Jolyn,Stading,jstadingpm@photobucket.com,Female,47.155.93.174
924,Wain,Rahill,wrahillpn@ifeng.com,Male,207.165.25.251
925,Theressa,Ringrose,tringrosepo@angelfire.com,Female,117.215.246.246
926,Courtney,Olivey,coliveypp@whitehouse.gov,Male,157.90.178.251
927,Cyrille,Moxom,cmoxompq@whitehouse.gov,Male,165.190.74.142
928,Kiah,Tollow,ktollowpr@businesswire.com,Female,172.234.229.74
929,Zebulen,Attenburrow,zattenburrowps@cornell.edu,Male,131.168.93.97
930,Edythe,Swanton,eswantonpt@dailymotion.com,Polygender,216.80.100.75
931,Xavier,Jenkison,xjenkisonpu@netlog.com,Male,190.7.33.88
932,Saunders,Yashnov,syashnovpv@slate.com,Bigender,103.240.34.197
933,Evey,Tesauro,etesauropw@cmu.edu,Female,102.2.190.127
934,Kelly,Odhams,kodhamspx@i2i.jp,Male,207.180.199.117
935,Paige,Fewings,pfewingspy@hatena.ne.jp,Female,98.78.13.234
936,Winnifred,Cazereau,wcazereaupz@over-blog.com,Female,176.179.5.141
937,Durant,Dahlbom,ddahlbomq0@technorati.com,Male,34.108.177.81
938,Simone,Danilyak,sdanilyakq1@marketwatch.com,Genderqueer,86.141.14.136
939,Sharia,Houselee,shouseleeq2@domainmarket.com,Female,238.80.158.42
940,Dore,McLay,dmclayq3@reference.com,Male,32.41.174.229
941,Carrissa,Rotter,crotterq4@hhs.gov,Female,8.14.229.236
942,Eugen,Peatheyjohns,epeatheyjohnsq5@who.int,Male,247.243.172.250
943,Austin,Peddar,apeddarq6@npr.org,Female,70.165.108.14
944,Lisa,Corgenvin,lcorgenvinq7@nymag.com,Female,203.127.102.173
945,Fanni,Beincken,fbeinckenq8@delicious.com,Female,215.0.186.93
946,Hinda,Slinger,hslingerq9@ucoz.com,Female,92.247.23.15
947,Neely,Semiras,nsemirasqa@nytimes.com,Female,18.72.133.201
948,Ianthe,Riddel,iriddelqb@sourceforge.net,Female,43.5.19.250
949,Sig,Sopp,ssoppqc@noaa.gov,Male,142.221.210.53
950,Kinna,Faivre,kfaivreqd@webeden.co.uk,Female,251.80.251.27
951,Auria,Ca,acaqe@eepurl.com,Female,55.121.239.187
952,Jordana,Somner,jsomnerqf@dagondesign.com,Female,5.51.25.244
953,Lizette,Carwardine,lcarwardineqg@g.co,Female,254.161.16.225
954,Hyman,Bettenay,hbettenayqh@sogou.com,Male,139.105.46.126
955,Harlin,Crampin,hcrampinqi@hatena.ne.jp,Male,154.55.118.188
956,Saundra,Hazell,shazellqj@bandcamp.com,Female,130.124.43.156
957,Emmott,Elfes,eelfesqk@yandex.ru,Male,223.87.243.134
958,Steward,Humphris,shumphrisql@shutterfly.com,Male,17.116.218.175
959,Georgianne,MacKellen,gmackellenqm@washington.edu,Genderfluid,218.31.33.32
960,Bradan,Adamovich,badamovichqn@oracle.com,Male,7.199.5.65
961,Zachary,Antognelli,zantognelliqo@jimdo.com,Genderqueer,81.251.168.134
962,Berte,Kristufek,bkristufekqp@woothemes.com,Female,11.92.34.96
963,Elisha,Lenox,elenoxqq@ox.ac.uk,Male,65.194.173.132
964,Sibylle,De Vaar,sdevaarqr@theglobeandmail.com,Female,252.196.103.132
965,Basia,Paffitt,bpaffittqs@hostgator.com,Female,90.46.42.253
966,Noellyn,Oxenford,noxenfordqt@imgur.com,Female,201.160.181.218
967,Craig,Stretton,cstrettonqu@irs.gov,Male,228.195.49.124
968,Sammie,Robjohns,srobjohnsqv@seattletimes.com,Male,162.116.193.153
969,Darsie,Maudlin,dmaudlinqw@uiuc.edu,Female,255.124.182.184
970,Raddie,Tegeller,rtegellerqx@free.fr,Male,100.70.71.170
971,Kaleena,Cammocke,kcammockeqy@skyrock.com,Female,231.117.53.232
972,Jehu,Brinicombe,jbrinicombeqz@cbc.ca,Male,85.157.175.242
973,Ruben,Matejovsky,rmatejovskyr0@timesonline.co.uk,Genderfluid,182.5.160.72
974,Mendel,Pleavin,mpleavinr1@msu.edu,Male,165.37.189.255
975,Dominick,Stentiford,dstentifordr2@ifeng.com,Male,142.157.84.184
976,Lidia,Brock,lbrockr3@live.com,Female,24.16.134.24
977,Cherye,Cabera,ccaberar4@ebay.com,Female,76.33.198.125
978,Justin,Lindenbluth,jlindenbluthr5@4shared.com,Male,203.150.67.9
979,Jacques,Trippack,jtrippackr6@princeton.edu,Male,204.27.232.152
980,Aurelia,Reedyhough,areedyhoughr7@ft.com,Female,180.171.69.72
981,Pamela,Raund,praundr8@harvard.edu,Female,71.192.198.174
982,Corabella,Dedney,cdedneyr9@java.com,Female,65.15.9.159
983,Gaby,Lapthorn,glapthornra@amazon.co.uk,Female,111.193.53.42
984,Onfre,Bullene,obullenerb@buzzfeed.com,Male,121.207.229.171
985,Richart,Ibberson,ribbersonrc@yelp.com,Male,57.199.191.81
986,Marquita,Croisdall,mcroisdallrd@mail.ru,Female,219.71.52.165
987,Gerry,Alderwick,galderwickre@weibo.com,Female,189.108.204.186
988,Aileen,Roffe,arofferf@de.vu,Female,106.64.219.202
989,Phillis,Agates,pagatesrg@jigsy.com,Female,195.127.34.144
990,Patty,Turbitt,pturbittrh@slate.com,Female,94.64.75.190
991,Jeramey,Dutton,jduttonri@liveinternet.ru,Male,77.254.23.182
992,Ronna,Roughey,rrougheyrj@ftc.gov,Genderfluid,19.113.224.53
993,Vin,Sibun,vsibunrk@seattletimes.com,Male,93.186.0.87
994,Lorenzo,Elintune,lelintunerl@photobucket.com,Male,74.38.159.11
995,Gaby,Roostan,groostanrm@google.cn,Male,253.239.93.111
996,Farleigh,Bedford,fbedfordrn@joomla.org,Genderqueer,35.142.246.95
997,Cameron,Caswill,ccaswillro@indiatimes.com,Male,168.52.30.8
998,Robbie,Rainbow,rrainbowrp@forbes.com,Male,47.8.59.137
999,Jennie,Petschelt,jpetscheltrq@i2i.jp,Female,90.15.234.57
1000,Mitchael,Gaskall,mgaskallrr@stumbleupon.com,Male,248.5.165.209
